1,method,group,Loss,Accurancy,AUC,Std Test Accurancy,Std Test AUC
2,,0.0,2.3126542954044487,0.058759333716255024,0.43151712378912666,0.07096556978111429,0.1843342914880448
3,,1.0,0.31669798997125964,0.9096496266513499,0.9919207154974943,0.12047432362442394,0.014385659757530355
1,method,group,Loss,Accurancy,AUC,Std Test Accurancy,Std Test AUC
2,,0.0,2.3126542954044487,0.058759333716255024,0.43151712378912666,0.07096556978111429,0.1843342914880448
3,,1.0,0.31669798997125964,0.9096496266513499,0.9919207154974943,0.12047432362442394,0.014385659757530355
1,method,group,Loss,Accurancy,AUC,Std Test Accurancy,Std Test AUC
2,,0.0,2.3126542954044487,0.058759333716255024,0.43151712378912666,0.07096556978111429,0.1843342914880448
3,,1.0,0.31669798997125964,0.9096496266513499,0.9919207154974943,0.12047432362442394,0.014385659757530355
